id,firstname,lastname,Carnet de student
100,Josephine,Olympium,22194087
101,Monika,Norrie,24583428
102,Tersina,Secrest,28949262
103,Olivette,Scammon,28860693
104,Dagmar,Aaberg,21254446
105,Kamilah,Jorgan,21317104
106,Clarice,Joachim,26010870
107,Sabina,Yoko,29709936
108,Alameda,Stover,23200156
109,Roxane,Zitvaa,23196274
110,Caryl,Elisha,21428400
111,Lenna,Zitvaa,23019127
112,Gertrud,Hull,25830800
113,Letizia,Tice,28694855
114,Mildrid,Elvyn,24839731
115,Sharlene,Marcellus,22241051
116,Jany,Vacuva,21708185
117,Flo,Esmaria,23073910
118,Meg,Morrill,22266525
119,Ardenia,Bultman,20421077
120,Diena,Old,23389903
121,Fredericka,Granoff,27652554
122,Rori,Ciapas,20811015
123,Silvana,Si,29613190
124,Arabel,Maribeth,28805458
125,Sissy,Zola,23307909
126,Rivalee,Garlinda,26725493
127,Cyndie,Leary,26756966
128,Jenilee,Obed,29128291
129,Merrie,Codding,25604654
130,Augustine,Daegal,24267013
131,Bertine,Mata,20195387
132,Rayna,Travax,24913411
133,Carilyn,Rustice,28048050
134,Dorothy,Tayib,29710900
135,Lacie,Lia,22281343
136,Joleen,Japeth,23668601
137,Kylynn,Shuler,23658601
138,Emilia,Birdella,29342302
139,Harmonia,Joeann,27686822
140,Kerrin,Ioab,29094284
141,Gianina,Paton,28503422
142,Carol-Jean,Letsou,21475464
143,Zsa Zsa,Zaslow,23082632
144,Albertina,Flita,22756368
145,Patricia,Nickola,25663922
146,Bee,Edmund,22804492
147,Odessa,Truc,22645283
148,Jessamyn,Cynar,28936631
149,Chandra,Gunn,26415873
150,Stephanie,Valerio,24636704
151,Briney,Fancie,25997667
152,Delilah,Kress,21289887
153,Fernande,Dermott,21921161
154,Melanie,Riva,23495729
155,Danny,Yerkovich,25655679
156,Rochette,Nikaniki,26811414
157,Melisent,Screens,20103797
158,Arlena,Clie,24548868
159,Felice,Karylin,21135909
160,Marylou,Felizio,26769773
161,Shauna,Stevy,29290042
162,Rhoda,Afton,22958180
163,Elvira,Corabella,28042049
164,Basia,Rosalba,24957373
165,Karena,Charity,29688495
166,Nyssa,Francyne,29397032
167,Violet,Ruvolo,25347743
168,Mahalia,Miru,24096785
169,Tobe,Christine,20249314
170,Annaliese,Borrell,24238081
171,Dode,Niles,21815605
172,Viki,Vale,27257378
173,Harmonia,Raul,27858661
174,Minda,Alejoa,27710940
175,Thalia,Hessler,26810753
176,Morganica,Rurik,23742689
177,Mara,Pond,21133952
178,Sallie,Terencio,29498414
179,Camile,Jillane,24547910
180,Doralynne,Philoo,29644530
181,Babita,Claudine,28697391
182,Lexine,Herrera,29613116
183,Meg,Dearborn,20763313
184,Cathyleen,Engdahl,25592217
185,Rivalee,Wittie,28559214
186,Margette,Telfer,23064213
187,Zondra,Shirberg,29665097
188,Bernie,Rudolph,24937071
189,Mireielle,Carmena,27578160
190,Cristabel,Armanda,29222496
191,Randa,Tamsky,27632646
192,Dorothy,Bates,24118650
193,Miquela,Ardra,26200905
194,Hannis,Lory,29721935
195,Dione,Alarise,26192552
196,Binny,Saree,23258653
197,Gwyneth,Vorster,26160759
198,Kimberley,Bobbee,22481646
199,Desirae,Lacombe,29135565
200,Bernie,Sekofski,28045665
201,Lelah,Florina,22141881
202,Heida,Bettine,23589234
203,Imojean,Hewitt,26966123
204,Tarra,Lemuela,29497676
205,Ardys,Ellerey,22250269
206,Etta,Bandeen,27594166
207,Miquela,Olympium,27878275
208,Codie,Isacco,23154813
209,Dale,Bobbee,21513658
210,Marnia,Gemini,29653981
211,Winny,McLaughlin,27979425
212,Lusa,Linehan,25354794
213,Adelle,Giule,21646422
214,Margalo,Levey,23991564
215,Janey,Bow,29556973
216,Benita,Delila,20842020
217,Reeba,Toni,27816755
218,Gale,Diann,23236408
219,Gilligan,Kat,22806156
220,Paulita,Skurnik,26386660
221,Ekaterina,Iiette,29348620
222,Jillayne,Tremayne,22069663
223,Tracey,Oriana,29355967
224,Juliane,Revkah,29473393
225,Shirlee,Birdella,29599228
226,Ardeen,Neva,23765186
227,Marika,Willie,25114304
228,Lauryn,Argus,23138592
229,Heddie,Goddard,29842223
230,Lolita,Belldas,21687586
231,Tabbatha,Maisey,29905622
232,Elyssa,Shelba,22634150
233,Eve,Erich,27161809
234,Katleen,Arley,24488625
235,Atlanta,Vanni,27722584
236,Lonnie,Adamsen,29345691
237,Vinita,Junie,25534265
238,Jenda,Bartlett,22176097
239,Charissa,Swanhildas,23524850
240,Minda,Candy,27157371
241,Ileana,Jacqui,29522221
242,Jinny,Klemperer,24669341
243,Linzy,Jary,29094707
244,Heida,Hunfredo,24471968
245,Averyl,Earlie,23017212
246,Blake,Schenck,29019989
247,Theodora,Muriel,22656653
248,Starla,Sinegold,21234017
249,Rori,Clara,21519608
250,Beth,Reinke,28040647
251,Mary,Cornelia,26800921
252,Mariann,Docilla,26600880
253,Jennica,Stilwell,23753354
254,Delilah,Brackely,20123758
255,Cathie,Shelba,21918669
256,Lila,Daniele,26054955
257,Gisela,Stephie,28150754
258,Libbie,Mayeda,24944225
259,Valera,Amethist,21210160
260,Jenilee,Vilma,23176059
261,Wilma,Lail,28276861
262,Brandise,Dreda,29946783
263,Pollyanna,Birdella,21878451
264,Collen,Ephrem,25655521
265,Karly,Lutero,24948665
266,Tybie,Koehler,21164117
267,Orsola,Mike,25330300
268,Paola,Graig,21755431
269,Sharlene,O'Carroll,26154309
270,Viviene,Giff,22975778
271,Norine,Iphlgenia,21657224
272,Tracey,Leary,26824079
273,Lexine,Teryn,25745813
274,Nita,Gualtiero,21621900
275,Philis,Darbie,21929398
276,Adore,Jehu,29447309
277,Frank,Hieronymus,21384075
278,Farrah,Mott,23055534
279,Farrah,Love,20800567
280,Xylina,Cyrie,28108133
281,Alie,Croix,25844017
282,Karina,Hanshaw,22299819
283,Clarice,Zina,26281077
284,Cacilie,Idelia,29889586
285,Dacia,Schlosser,29581334
286,Jaime,Paton,25279068
287,Mariele,Lubin,26105160
288,Harmonia,Jehu,23795376
289,Stephanie,Doig,27288553
290,Cyb,Afton,20198666
291,Gianina,Pip,24277459
292,Brianna,Tremayne,28350217
293,Krystle,Arathorn,25512620
294,Chrystel,Jacobah,27793474
295,Ann-Marie,Regan,20602605
296,Jacenta,Uund,29888948
297,Fernande,Jacinda,24902622
298,Maryellen,Sacken,29724258
299,Dorice,Chrystel,22462462
300,Lilith,Scammon,24270376
301,Clementine,Shaver,28538123
302,Aimil,Dowski,24244207
303,Cherrita,Dulciana,26104227
304,Gerianna,Thornburg,24437635
305,Gale,Primalia,26946297
306,Candi,Teryn,24678225
307,Johna,Kristi,25683690
308,Marcy,Cassius,28275121
309,Myriam,Sawtelle,26314418
310,Esmeralda,Dunkin,29474020
311,Lindie,Knowling,28310411
312,Agathe,Colbert,27924683
313,Fanchon,Koehler,28577248
314,Edith,Even,28667488
315,Violet,Greenwald,27129186
316,Aaren,Maisey,27346515
317,Jessamyn,Felecia,20591771
318,Estell,Raama,26637404
319,Dacia,Artie,22708682
320,Jennica,Lalitta,21984498
321,Berget,Sparhawk,29312691
322,Damaris,Sidonius,23954585
323,Agnese,Burnside,22905163
324,Leia,Zitvaa,26278822
325,Caryl,Howlyn,20919607
326,Tonia,Lemuela,25461299
327,Doro,Ax,21438414
328,Blondelle,Lacombe,20859651
329,Phedra,Ludewig,22453205
330,Hallie,Shama,25444199
331,Mady,Prouty,20735326
332,Fred,Milde,21267881
333,Grier,Iphlgenia,22257510
334,Meriel,Bevin,20588918
335,Etta,Mendez,28848638
336,Sissy,Koziara,21447579
337,Norine,Birdella,25550905
338,Marjie,Estella,29768467
339,Eve,Odysseus,23472487
340,Beth,Torray,24006358
341,Maridel,Matthew,28518793
342,Sharlene,Juliet,20501575
343,Helena,Posner,26558643
344,Nelle,Simmonds,27331811
345,Flo,An,23207830
346,Florie,Harl,25737134
347,Hallie,Chrystel,24793546
348,Alisha,Glenden,29599711
349,Noelle,Mauer,24794808
350,Michaelina,Alejoa,22650436
351,Sue,Bevin,29349197
352,Lizzie,Stuart,28631431
353,Stevana,Klemperer,26408937
354,Tiffie,Gahl,22332270
355,Celisse,Frendel,29481959
356,Ileana,Ludewig,23261609
357,Florencia,LaRue,21063235
358,Joane,Abram,26906626
359,Caressa,Sherrie,27865320
360,Leanna,Jacinda,29127181
361,Felice,Hutchison,24820108
362,Starla,Poppy,23717877
363,Tomasina,Ferino,28603382
364,Lizzie,Wildermuth,21267078
365,Nonnah,Francyne,26781989
366,Dania,Bivins,29036162
367,Jennica,Stuart,25323234
368,Olwen,Dituri,29759493
369,Evita,Zamora,28920955
370,Norine,Thilda,21385461
371,Jean,Whiffen,22193454
372,Joelly,Boehike,24033424
373,Abbie,Ambrosia,23198182
374,Libbie,Weide,20118747
375,Dorothy,Woodberry,22169904
376,Melisent,Saunderson,25832796
377,Kirstin,Constancy,21272245
378,Jobi,Ricki,25049796
379,Shell,Hutchison,29205315
380,Kaia,Morgun,21800255
381,Hallie,O'Rourke,20742885
382,Renae,Fosque,27975599
383,Dorene,Himelman,25699472
384,Gratia,Haerr,25766910
385,Marnia,Rustice,28723223
386,Arabel,Croix,29586405
387,Annaliese,Fabiola,24619657
388,Loree,Nicoline,23753222
389,Glynnis,Edmund,20565015
390,Kellen,Sawtelle,29276935
391,Felice,Ivens,26748541
392,Collen,Marijo,26836688
393,Libbie,Juliet,27242584
394,Briney,Chaing,26906435
395,Gilda,Prober,23810621
396,Shaine,Frendel,29975766
397,Cathie,Ethban,23354453
398,Rozele,Allys,20373914
399,Georgetta,Posner,22790661
400,Aili,Reinke,28964776
401,Charmaine,Meter,27506401
402,Debee,Tound,21469075
403,Ayn,Alexandr,24371583
404,Cyndie,Erlandson,22621605
405,Vevay,Jenness,24156835
406,Sophia,Briney,20173883
407,Ernesta,Connelly,24367410
408,Kassey,Jacobah,28662010
409,Letizia,Lissi,21538949
410,Lesly,Francene,22179756
411,Deirdre,Levey,27955211
412,Fayre,Uund,21831848
413,Christy,Ummersen,25686323
414,Ana,Huggins,21715442
415,Dione,Ilka,20344447
416,Sidoney,Ariella,21739946
417,Aurelie,Nance,28216056
418,Brianna,Carey,27906460
419,Bernie,Dreda,24801446
420,Marika,Behre,28801815
421,Andeee,Hartnett,24536028
422,Babita,Salvidor,22462515
423,Clo,Kat,29134614
424,Ingrid,Curren,27512461
425,Esmeralda,Chesna,27732971
426,Ilse,Heidt,21215056
427,Emmey,Cyrie,29193348
428,Daune,Goddard,26695611
429,Jean,Chauncey,27813515
430,Dagmar,Ludewig,23045469
431,Binny,Rosalba,28982744
432,Elise,Penelopa,20350602
433,Deirdre,Hunfredo,24726172
434,Rosanne,Garlinda,28851049
435,Sashenka,Vary,24834216
436,Bobinette,Malanie,28189103
437,Ethel,Vittoria,29625718
438,Janeczka,Grosz,29356796
439,Devina,Karl,22891205
440,Siana,Simmonds,20986792
441,Dawn,Hubert,26647123
442,Kylynn,Salchunas,26611021
443,Dari,Bates,20687184
444,Dorice,Thunell,20294830
445,Luci,Haldas,25241397
446,Anthia,Iphlgenia,24944251
447,Alleen,Mehalek,29926253
448,Agathe,Yusuk,24888588
449,Brianna,Jalbert,24076519
450,Brandise,Thornburg,22312610
451,Noelle,LaRue,28285956
452,Nollie,Syd,24586810
453,Sara-Ann,Hartnett,27273559
454,June,Grobe,20128552
455,Laurene,Suzetta,24986943
456,Loree,Izaak,29972908
457,Ethel,Kalinda,22672068
458,Mary,Juan,20659997
459,Dania,Belldas,24985730
460,Deane,Durante,22857728
461,Perry,Rosalba,23859064
462,Keelia,Fairweather,25173138
463,Hettie,Cassius,20989661
464,Imojean,Xerxes,27857119
465,Brena,Forrer,21602019
466,Kimberley,Kirstin,21072231
467,Elka,Neva,21452020
468,Bettine,Autrey,27661735
469,Courtnay,Hirsch,29635165
470,Celisse,Judye,23915237
471,Ashlee,Teryn,25886802
472,Wilma,Meli,23053099
473,Winifred,Thad,26279058
474,Jacenta,Parsaye,28915626
475,Luci,Yate,25468536
476,Taffy,Karl,23467512
477,Clarice,Natica,29513563
478,Lisette,Sheedy,29562841
479,Amelia,Gaynor,29638124
480,Dominga,Phaidra,20551612
481,Minda,Ellord,22483307
482,Ekaterina,Hoenack,25789685
483,Netty,Izaak,28396926
484,Althea,Bethany,21928381
485,Kellen,Sadowski,23286692
486,Robbi,Seagraves,22863261
487,Susette,Allina,24455040
488,Aurelie,Lymann,26931891
489,Dyann,Myrilla,21631250
490,Kial,Munn,26617026
491,Rhea,Lorenz,25011955
492,Lilith,Oneida,21944151
493,Estell,Terrence,26773765
494,Evita,Travax,24852785
495,Ermengarde,Roumell,20759242
496,Corene,Uird,28692872
497,Lacie,Luhe,29948490
498,Petronia,Jeanne,28254013
499,Moyna,Yoko,22601263
500,Deloria,Ramona,28239989
501,Cissiee,Brunell,22295245
502,Angelique,Posner,25107674
503,Merci,Kiersten,26032879
504,Kellen,Trey,24109275
505,Althea,Jotham,25308834
506,Kristina,Niccolo,26867801
507,Nollie,Mitzi,23270125
508,Lita,Lucienne,25237938
509,Georgina,Stover,29528167
510,Livvyy,Wattenberg,25036054
511,Kimberley,Clie,20849060
512,Starla,Zina,26681220
513,Lexine,Erskine,23855848
514,Corene,Letsou,22943927
515,Charmaine,Ioab,29064847
516,Robbi,Odell,22511761
517,Marguerite,Whiffen,23817293
518,Tressa,Phyllis,25134400
519,Adore,Tufts,25123493
520,Kimmy,Muriel,28010842
521,Cassandra,Ventre,28935610
522,Amii,Janene,23977995
523,Elie,Paine,27645371
524,Valli,Shama,28468573
525,Neila,Urias,20551028
526,Cyndie,Koziara,24165339
527,Larine,Margret,23387609
528,Aimil,Durante,23269347
529,Maye,Joeann,25113045
530,Susan,McLaughlin,28815876
531,Alexine,Allys,24162587
532,Lanae,Berard,26586717
533,Ethel,Dominy,27578771
534,Marsiella,Abernon,21249910
535,Heddie,Chobot,20699093
536,Annecorinne,Harl,24830408
537,Tersina,Barney,28795871
538,Alyssa,Saunderson,22080937
539,Blinni,Karylin,26534201
540,Lorenza,Craggie,23382457
541,Joelly,Miru,24785009
542,Ebonee,Judye,23274042
543,Brianna,Robertson,25506020
544,Ketti,Erlandson,25776228
545,Fredericka,Lipson,21769869
546,Lelah,Margarete,21104002
547,Josephine,Center,24678585
548,Lulita,Lymann,27187121
549,Larine,Tybald,22634945
550,Ronna,Himelman,27878190
551,Juliane,Tufts,27043499
552,Kore,Sadowski,21051028
553,Tina,Yerkovich,25885738
554,Jorry,Syd,23742981
555,Helsa,Bahr,24758856
556,Myrtice,Zuzana,25780736
557,Paola,Brodench,24846910
558,Anestassia,Lay,26386817
559,Kathy,Nea,24812532
560,Asia,Waite,28232052
561,Mady,Fink,28850753
562,Rochette,Plato,24526653
563,Korrie,Bevin,29474349
564,Myrtice,Voletta,27651812
565,Cissiee,Gino,21110974
566,Feliza,Shaddock,24064547
567,Selma,Goerke,21263200
568,Anestassia,Bandeen,28244401
569,Selma,Haerr,25376346
570,Dawn,Revkah,27120884
571,Jasmina,Morehouse,22053902
572,Penelopa,Goode,21936203
573,Roberta,Nore,25855420
574,Rozele,Cohdwell,20576062
575,Bernardine,Pozzy,28137875
576,Marti,Burch,27612678
577,Merle,Gualtiero,27768436
578,Nyssa,Cristi,22412205
579,Elena,Stilwell,20645714
580,Ardys,Bashemeth,26596495
581,Alisha,Chick,23245204
582,Odessa,Gamaliel,24552746
583,Edyth,Dielu,29273086
584,Hayley,Nance,22993453
585,Catharine,Vins,27152527
586,Gwenneth,Stuart,22671181
587,Melina,Gwenore,20570999
588,Florie,Rustice,28618286
589,Vita,Destinee,29188378
590,Angelique,Abernon,26160502
591,Oona,Aaberg,25939993
592,Lynea,Esmaria,24187974
593,Lorne,Lattie,21765378
594,Nyssa,Swanhildas,22990361
595,Michaelina,Revkah,20031089
596,Cindelyn,Stanwood,20537877
597,Leanna,Aloise,27730951
598,Desirae,Lalitta,26108630
599,Elsie,Linehan,21681140
600,Concettina,Iaverne,24707471
601,Verla,Lacombe,29940888
602,Dennie,Lattie,27126635
603,Micheline,Simmonds,21006742
604,Eugine,Richers,28224004
605,Andree,Truc,25094970
606,Beth,Bach,20647361
607,Lanae,Anastatius,22903074
608,Althea,Christal,29761231
609,Lauryn,Girardo,23192429
610,Nadine,Pip,24377027
611,Basia,Narton,28548156
612,Carly,Argus,24440396
613,Evaleen,Joeann,22059529
614,Sissy,Gaspard,28372348
615,Mady,Amadas,28175328
616,Verla,Felizio,26617145
617,Jere,Goode,25381878
618,Maisey,Nester,28071283
619,Aeriela,Gower,23044127
620,Yvonne,Charmine,21087890
621,Sara-Ann,Ogren,27806431
622,Tina,Syd,23702673
623,Maurene,Winnick,25299701
624,Dari,Adore,21760476
625,Heida,Bevin,29144103
626,Aeriela,Borrell,24483473
627,Queenie,Cookie,20542834
628,Queenie,Tice,20067783
629,Karly,Orelee,25128028
630,Agathe,Tengdin,20948873
631,Jorry,Carolin,27401524
632,Ann-Marie,Lucienne,23674755
633,Mignon,Levey,24398222
634,Meg,Shaddock,28962176
635,Yvonne,Goode,22463762
636,Dania,Montgomery,23180364
637,Chloris,Rozanna,23528631
638,Melodie,Carey,20952679
639,Selia,Ries,21388196
640,Katleen,Holtz,24128364
641,Lesly,Stanwood,23447474
642,Ermengarde,Linehan,22414317
643,Libbie,Gemini,22539490
644,Bettine,Strephon,26519672
645,Phedra,Sinegold,21809026
646,Maryellen,Cyrie,27545948
647,Judy,Burnside,25938747
648,Tatiania,Evvie,27396455
649,Bibby,Sundin,28492592
650,Taffy,Pelagias,28068154
651,Felice,Dannye,24571586
652,Ernesta,Nahum,20041162
653,Annora,Tarrant,21124060
654,Ekaterina,Chandler,28718647
655,Ninnetta,Ursulette,22418740
656,Alisha,Dex,21005137
657,Fred,Natalia,28656648
658,Rosanne,Khorma,29317330
659,Starla,Zaslow,27600720
660,Shaine,Gaulin,25099403
661,Rebeca,Clarissa,20166205
662,Dolli,Blase,26439090
663,Ofilia,Pettiford,23698185
664,Lita,Lory,20627795
665,Renie,Felecia,22403361
666,Dione,Jillane,24485540
667,Lynea,Cressida,21142873
668,Arlena,Campball,28243227
669,Feliza,Kelula,29357399
670,Sandie,Brenn,29318487
671,Elora,Roscoe,24389411
672,Janeczka,Ioab,24057500
673,Emilia,Uird,23148257
674,Annice,Rugen,25034888
675,Sheelagh,Koehler,29304682
676,Alejandra,Anestassia,22399925
677,Alejandra,Valoniah,22599197
678,Jordan,Persse,24602194
679,Chrystel,Dituri,25945175
680,Yetty,Oster,29731196
681,Adriana,Wareing,26266537
682,Stacey,Flyn,27590923
683,Christal,Oster,22470718
684,Carol-Jean,Duwalt,21245321
685,Marylou,Shelba,28552664
686,Lulita,Stefa,25813043
687,Jacquetta,Suanne,20186101
688,Nessie,Rebecka,27887348
689,Di,Wandie,27919902
690,Ashlee,Rustice,23488219
691,Tybie,Grayce,21120714
692,Monika,Fredi,21137268
693,Lorie,Waldron,23985972
694,Louella,Aida,22672215
695,Alyda,Madox,22264424
696,Madeleine,Ambrosia,23330468
697,Roxane,Read,28733633
698,Ardenia,Rosemary,25811699
699,Annabela,Delila,25401530
700,Gavrielle,Papageno,21133633
701,Demetris,Roarke,22784583
702,Jillayne,Lynn,23628532
703,Delilah,Sisile,21637004
704,Leeanne,Fleeta,21532741
705,Anica,Herrera,26930568
706,Corene,Tufts,28211916
707,Therine,Alfons,23173804
708,Odessa,Zamora,21346185
709,Jobi,Vharat,28260381
710,Diena,Christine,20665926
711,Gabriellia,Belldas,25357199
712,Sindee,Rosalba,26403561
713,Cecile,Othilia,25503504
714,Dorene,Deny,24875943
715,Julieta,Kelula,24143461
716,Willetta,Read,24024760
717,Charlena,Faro,21769261
718,Lulita,Robertson,26908776
719,Elmira,Ruvolo,24496779
720,Claudina,Gaulin,28698819
721,Valera,Dorcy,24719965
722,Brietta,Beebe,29171103
723,Hayley,Claudine,26338986
724,Shauna,Vharat,28183570
725,Di,Irmine,25461128
726,Linzy,Brackely,23765485
727,Concettina,Gunn,27198343
728,Albertina,Niles,22605884
729,Mary,Vanni,26400479
730,Danny,Anis,26261345
731,Marjie,Maryanne,24083746
732,Raquela,Georas,24381949
733,Georgetta,Morrill,22520485
734,Codie,Bury,25795397
735,Elsie,Jorgan,23256429
736,Reeba,Pyle,23342760
737,Jackie,Tiffa,20064817
738,Marita,Standing,26883585
739,Rozele,Auberbach,24049798
740,Kaja,Izaak,21724153
741,Cherrita,Morgun,21990859
742,Alexine,Eugenia,26645188
743,Carolina,Hazlett,22536541
744,Sissy,Jena,28163286
745,Frieda,Herrera,27124354
746,Lelah,Infield,27263315
747,Merrie,Viddah,23584688
748,Maye,Orlene,28521702
749,Brianna,Rocray,23009952
750,Gerrie,Flyn,27450472
751,Priscilla,Felecia,20002372
752,Celestyna,Gaulin,23242176
753,Korrie,Merat,25945699
754,Caryl,Kalinda,24162491
755,Tatiania,Carvey,24997103
756,Tani,Bibi,21013041
757,Bibby,Infield,21075155
758,Diena,Hoban,23250506
759,Dari,Moina,29697579
760,Janey,Sacken,26849643
761,Hannis,Zeeba,24423239
762,Ada,Septima,24867796
763,Shaylyn,Gwenore,22854503
764,Cissiee,Howlyn,26347946
765,Johna,Melleta,25676876
766,Renae,Franza,29548012
767,Korrie,Lasley,24123338
768,Leia,Keelia,29935714
769,Imojean,Lewes,23670688
770,Melanie,Durware,24046559
771,Bee,Berne,29683345
772,Meghann,Viddah,24000728
773,Cristine,An,28181957
774,Barbi,Anestassia,21670680
775,Isa,Alarise,28722355
776,Annice,Leffen,29277906
777,Penelopa,Ax,26377875
778,Michaelina,Slifka,28597791
779,Nita,Ricki,28321943
780,Cam,Jenness,21683856
781,Sean,Ariella,26069321
782,Vita,Salvidor,26290518
783,Lauryn,Bergman,29029967
784,Priscilla,Isacco,22450064
785,Paulita,Taima,26532323
786,Lucille,Barbey,23318895
787,Hayley,Zaslow,23311826
788,Merci,Dawkins,23729485
789,Angela,Henebry,28935505
790,Adelle,Tatianas,21649736
791,Loree,Montgomery,20440759
792,Angelique,Pip,22522247
793,Brynna,Pillsbury,27311876
794,Lilith,Beebe,23273180
795,Valera,Grimbly,21496697
796,Aaren,Federica,21614934
797,Christian,Nerita,26283547
798,Natka,Ioab,25103450
799,Trudie,Alcott,27834701
800,Jennica,Lewes,24872200
801,Maud,Wyn,20843774
802,Ira,Ludewig,28827935
803,Kellen,Macey,25308985
804,Jany,Sacken,29757853
805,Corly,Henrie,29611243
806,Mathilda,Kirstin,23214375
807,Paule,Lipson,27355664
808,Addia,McLaughlin,21511843
809,Shaylyn,Hewitt,22446195
810,Addia,Dannye,27483418
811,Anica,Elvyn,26177491
812,Kirstin,Elo,20768568
813,Yvonne,Sasnett,26196968
814,Minne,Azeria,27134072
815,Dawn,Bow,23267760
816,Letizia,Wesle,25526740
817,Deedee,Valerio,27322697
818,Lauryn,Alarise,25189629
819,Hallie,Pierette,26611939
820,Annecorinne,Oscar,20052924
821,Dode,Giff,22774804
822,Kara-Lynn,Faso,25985746
823,Charmaine,Tannie,21128434
824,Isa,Santoro,29414841
825,Cissiee,Arquit,22817841
826,Ada,Ricarda,25866074
827,Yolane,Bohlin,27041388
828,Rori,Allare,26425817
829,Alie,Orpah,24195311
830,Andree,Grobe,27760182
831,Reeba,Miru,24458607
832,Arabel,Ball,22233124
833,Dania,Lutero,20599310
834,Concettina,Ludewig,24372708
835,Lynde,Duwalt,24249185
836,Talya,Anton,29944256
837,Jennica,Jethro,26796244
838,Ninnetta,Fontana,22598987
839,Amelia,Miru,23348534
840,Roslyn,Hanshaw,25781546
841,Sam,Infield,22022921
842,Helsa,Darian,23486481
843,Deane,Brieta,22920189
844,Julieta,Ferino,26407803
845,Catharine,Lucienne,20196910
846,Caritta,Barbey,29606967
847,Di,Louanna,20390732
848,Lanae,Tayib,20895627
849,Shaylyn,Smitt,21029794
850,Jacquetta,Percy,27570295
851,June,Graig,21335495
852,Emelina,Desai,28020917
853,Tiffie,Dahlia,22208038
854,Linet,Ventre,27407661
855,Juliane,Dalli,20275356
856,Lauryn,Alcott,25185300
857,Beverley,Toni,23928384
858,Josephine,Rosalba,22049576
859,Fernande,Kare,27604931
860,Melisent,Kesley,23944618
861,Inga,Klotz,25075170
862,Codie,Nickola,24350774
863,Edith,Emerson,24465476
864,Clo,Francene,20194553
865,Mathilda,Hamil,26589103
866,Jennica,Lasley,21274926
867,Consuela,Thunell,21102090
868,Shannah,Klemperer,24618533
869,Tomasina,Dosia,23102646
870,Binny,Ulphia,25912090
871,Violet,Socha,21877694
872,Letizia,August,23356359
873,Felice,Sprage,26143853
874,Fina,Idelia,25932977
875,Norine,Rugen,20838037
876,Donetta,Pauly,23342111
877,Penelopa,Regan,27583646
878,Lindie,Nikaniki,24553221
879,Marnia,August,27124696
880,Doro,Carolin,27949947
881,Lynnea,Vacuva,29244425
882,Romona,Ader,25321477
883,Bobbi,Chobot,20654919
884,Gianina,Loring,25122349
885,Sonni,Boycey,24529846
886,Benita,Olympium,21704173
887,Vere,Wareing,27744030
888,Catharine,Tayib,24847266
889,Tybie,Toffic,25519416
890,Karena,Winthorpe,28747400
891,Ardenia,Riva,24528741
892,Margalo,Caitlin,26724894
893,Lita,Gino,29655821
894,Stephanie,Fry,20686994
895,Renie,Ralfston,24665028
896,Nariko,Taam,24579935
897,Merci,Jammal,22629869
898,Dawn,Bethany,20421237
899,Verla,Grobe,27281802
900,Aryn,Kendrick,23424658
901,Darlleen,Anyah,22994845
902,Vevay,Mozelle,21091683
903,Rochette,Melleta,28159155
904,Ashlee,Yerkovich,20982736
905,Carol-Jean,Whittaker,28076319
906,Ardys,Gilmour,21668577
907,Randa,Gale,22156442
908,Yetty,Mehalek,22254844
909,Emma,Shaver,23589747
910,Malina,Winnick,28575830
911,Sheelagh,Sikorski,23669490
912,Estell,Bury,29019840
913,Emma,Isidore,27730417
914,Althea,Ludewig,26622271
915,Mary,Pettiford,23001155
916,Jessamyn,Velick,25533892
917,Lindie,Arvo,28979525
918,Bibby,Kirbee,25174620
919,Laurene,Greenwald,25286245
920,Alejandra,Rillings,20965788
921,Nonnah,Guthrie,22309740
922,Teddie,Cecile,21303428
923,Kathy,Tippets,28514743
924,Rori,Kylander,21885025
925,Lizzie,Thilda,21195761
926,Ingrid,Goth,24504184
927,Cherrita,Merell,24187376
928,Mignon,Robertson,28679950
929,Vivia,Karna,20611805
930,Paule,Beebe,23419835
931,Wilma,Noelyn,21191113
932,Monika,Andrel,24774649
933,Anestassia,Hedve,23058813
934,Corina,Fairweather,20116091
935,Dari,Knowling,22321409
936,Alia,Pip,23470996
937,Merrie,Thunell,27540515
938,Annecorinne,Winthorpe,28442029
939,Maye,Lanita,22047394
940,Regina,Thilda,27435548
941,Kathi,Carvey,24836455
942,Lindie,Garrison,23240496
943,Correy,Alarise,26369105
944,Nannie,Lanita,28088028
945,Andree,Voletta,27364681
946,Tomasina,Dorcy,24277230
947,Marguerite,Berard,22473961
948,Gui,Bouchard,24424934
949,Elyssa,Seligman,27214994
950,Taffy,Rosette,29666347
951,Alejandra,Cutlerr,27252283
952,Edyth,Arvo,23557608
953,Janeczka,Dosia,26827358
954,Ardenia,Dorothy,28562803
955,Lyssa,Dalli,23607119
956,Marsiella,Aprile,21520263
957,Melisent,Gino,22177143
958,Leontine,Cynar,27434539
959,Teddie,MacIntosh,29812990
960,Kirbee,Haldas,22668809
961,Vanessa,Travax,29401915
962,Madalyn,Jobi,21141949
963,Cassondra,Diogenes,20972423
964,Max,Morrill,22769660
965,Agnese,Girardo,26505422
966,Livvyy,Sabella,20441544
967,Glynnis,Joni,26679443
968,Marcy,Bohlin,23264705
969,Caryl,Leopold,28261517
970,Randa,Sadowski,23089181
971,Agnese,Sharl,23697976
972,Lonnie,Annabella,24928317
973,Fernande,Melan,21856938
974,Taffy,Olympium,25695575
975,Jackie,Klotz,22462167
976,Meg,Giule,27317058
977,Liana,Guildroy,25426759
978,Leeanne,Ambrosia,21121898
979,Nananne,Lilas,25433474
980,Shannah,Darian,25449867
981,Karlee,Borrell,22357184
982,Arlena,Craggie,26834540
983,Steffane,Harned,29944037
984,Tobe,Felecia,21887056
985,Robbi,Bord,22707842
986,Lucille,Justinn,28127214
987,Dyann,Wenda,21468556
988,Etta,Maurine,29353823
989,Randa,Wu,27294125
990,Riannon,Juan,20968274
991,Collen,Jenness,21567400
992,Sandie,Aloise,29651256
993,Tonia,Boehike,23596630
994,Dari,Daegal,25714198
995,Ethel,Linehan,27149573
996,Kimmy,Wildermuth,29225306
997,Alie,Thema,23503838
998,Merry,Lubin,26848285
999,Latisha,Wooster,23004635
1000,Eolanda,Screens,29146625
1001,Rosaline,Croix,23900713
1002,Monika,Koehler,26567121
1003,Lenna,Campball,22853101
1004,Sibella,Dorothy,21747386
1005,Tatiania,McAdams,27497547
1006,Celene,Catie,25815920
1007,Lory,Quent,25004541
1008,Raf,Rubie,28239930
1009,Kimberley,McGrody,29370334
1010,Flo,Maroney,22602480
1011,Margalo,Rillings,20564742
1012,Renie,Stanwood,28052030
1013,Katleen,Tomasina,29817098
1014,Nita,Gordon,22643462
1015,Di,Baptlsta,23193196
1016,Albertina,Zuzana,22046177
1017,Randa,Marlie,26073850
1018,Gisela,Olympium,26126200
1019,Korrie,Herrera,29506126
1020,Yvonne,Chapland,26162018
1021,Amara,Roscoe,25415330
1022,Hannis,Esmaria,23243300
1023,Cathyleen,Damarra,25275909
1024,Kaia,Brodench,26133297
1025,Coral,Shaddock,20228725
1026,Ruthe,Koziara,28133604
1027,Patricia,Ludewig,29444021
1028,Aigneis,Janith,27462227
1029,Noelle,Adrienne,21646235
1030,Etta,Dorcy,26864927
1031,Karly,Pulsifer,29974005
1032,Audrie,Dominy,23230123
1033,Marleah,Sholley,28827058
1034,Tarra,Arvo,22614736
1035,Jackie,Annice,26288060
1036,Bee,Berne,25704348
1037,Neila,Infield,28892412
1038,Letizia,Mauer,20796438
1039,Helena,Carlson,28098175
1040,Halette,Garek,29948486
1041,Linet,Sawtelle,28171826
1042,Leeanne,Leonard,22946651
1043,Aurelie,Dituri,28264356
1044,Marguerite,Madox,29425006
1045,Trixi,Naashom,26194726
1046,Riannon,Burkle,20498170
1047,Romona,Wyn,23239496
1048,Thalia,Telfer,27200583
1049,Trixi,Eliathas,23718579
1050,Kate,Kirbee,25608552
1051,Lanna,Blase,22028661
1052,Demetris,Schroth,24000332
1053,Caressa,Brian,22402197
1054,Randa,Goddard,25711734
1055,Ottilie,Hubert,21456833
1056,Lauryn,Boehike,25460726
1057,Josephine,Moina,21704799
1058,Theodora,Louanna,22689396
1059,Daryl,Dulciana,27896845
1060,Christy,Uund,29526118
1061,Dolli,Cleo,29499655
1062,Molli,Francene,27321404
1063,Shirlee,Cottle,26483473
1064,Celene,Plato,22313104
1065,Sam,Ambrosia,21432440
1066,Jorry,Jehu,27074235
1067,Evita,Barrus,24689107
1068,Sibella,Kauppi,21700235
1069,Edith,Persse,22063650
1070,Concettina,Colyer,27534964
1071,Ericka,Grobe,23909400
1072,Roxane,Nerita,22658272
1073,Ottilie,Weinreb,26500109
1074,Cristine,Isidore,20209927
1075,Max,Hanshaw,29246026
1076,Aigneis,Leler,20253678
1077,Brooks,Payson,21340539
1078,Aeriela,Wooster,24696709
1079,Trudie,Fulmer,29088389
1080,Kylynn,Amand,24771696
1081,Ingrid,Krystle,20542929
1082,Aili,Bobbee,25109555
1083,Augustine,Kesley,25018628
1084,Corry,Allys,26587990
1085,Hermione,Zaslow,29765856
1086,Hallie,Fleeta,22749160
1087,Mireielle,Tarrant,23868942
1088,Cordi,Ambrosia,22750020
1089,Vinita,Bari,22299075
1090,Teriann,Dom,21747985
1091,Paulita,Lane,27389373
1092,Shirlee,Rossner,21021902
1093,Cathie,Richers,25315587
1094,Mireielle,Demitria,27833150
1095,Blondelle,Wenda,27728670
1096,Brena,Marlie,25763942
1097,Rhea,Kesley,26651634
1098,Alex,Aurelio,26007313
1099,Jeanna,Sothena,25875358